dataset,sample,pc1,pc2
Real,0,-0.00029250673570394047,0.0002870521176331365
Real,1,-0.000871551028426413,0.0008417829041136537
Real,2,-0.0008717411627882203,0.000796658670780453
Real,3,-0.0007627733064751208,0.0007512778481340612
Real,4,-0.000622305004904142,0.0006888662982724856
Real,5,-0.0005702094064426376,0.0004784207859642189
Real,6,-0.000773891468203679,0.0007928533413951366
Real,7,-0.000545202570554682,0.0007207072041993491
Real,8,-0.0006887392586057031,0.00064396272266802
Real,9,-0.0008714331971359246,0.0008655172138587589
Real,10,-0.0005240845362010987,0.00048353496100405724
Real,11,-0.0007131559699196356,0.0005892718763250472
Real,12,-0.0005114961713663295,0.0005487830536395191
Real,13,-0.0007019229026355647,0.0006748083235894478
Real,14,-0.00048162476287051805,0.0005041215843699054
Real,15,-0.00034604265604204666,0.0003221453761318345
Real,16,-0.0007722170768015488,0.0007858463863988368
Real,17,-0.0005359336262280041,0.0004941700100200829
Real,18,-0.00025868903012438957,0.00018962777778319773
Real,19,-0.0007413320569340663,0.0006507147217630695
Route A,0,0.0016970919682236857,-0.002201421988962701
Route A,1,0.0019690153798807425,-0.002347544674440215
Route A,2,0.0016477062491717278,-0.002229070259049976
Route A,3,0.0016971929824957088,-0.002218247734797304
Route A,4,0.0016787627309039182,-0.00221958382769843
Route A,5,0.001871510539416656,-0.0023303904056983273
Route A,6,0.0018452851261113689,-0.0023644542457895235
Route A,7,0.0018467889210475894,-0.0023408611313375863
Route A,8,0.0019968238130267275,-0.002488550873334694
Route A,9,0.0018504536447921888,-0.002346709609450055
Route A,10,0.0017101025249626346,-0.002200175547429145
Route A,11,0.0016000129698543687,-0.0021928555559129486
Route A,12,0.0017784936669012533,-0.0022114245815988047
Route A,13,0.001720496752954319,-0.002265811880235213
Route A,14,0.001678607268943762,-0.002302102117810102
Route A,15,0.0015782665730137615,-0.002181475044099214
Route A,16,0.0015251521713041157,-0.002021561312316979
Route A,17,0.0016060641200016886,-0.002121375946472239
Route A,18,0.002015657462823822,-0.0024950815430027405
Route A,19,0.0017392956683099168,-0.002270470785919457
Route B,0,-0.00047912940110830484,0.00040736002325484017
Route B,1,-0.00039477567868346656,0.00022640905739637515
Route B,2,-0.0005726671623938641,0.0006073146099235744
Route B,3,-0.0006393206797029678,0.0006020386638425743
Route B,4,-0.0006194225052694488,0.0004935207260799169
Route B,5,-0.00024391913647635972,9.420955935101623e-05
Route B,6,-0.0008482730434142666,0.0007261584658736558
Route B,7,-0.0006669554928409759,0.0005932061383047454
Route B,8,-0.0006064956593281023,0.0005160376287476154
Route B,9,-0.0004440133813098236,0.0004266811442456167
Route B,10,-0.0006400490469840226,0.0005475944712036729
Route B,11,-0.000630622642234137,0.0005578115287610145
Route B,12,-0.000563148043895769,0.0005352817258064948
Route B,13,-0.000596237528673013,0.00047245447755789744
Route B,14,-0.0003349632022323566,0.0002744449746493854
Route B,15,-0.0003632807867324355,0.0005063936852623597
Route B,16,-0.0008055311757257532,0.0007181910082223567
Route B,17,-0.0008405628043335342,0.0006541243120161764
Route B,18,-0.0006728462992531373,0.0004699022561851775
Route B,19,-0.0003779147456055604,0.00036803769511812044
Route C,0,-0.0004069012264898025,0.0003951013993121857
Route C,1,-0.0004992439431174248,0.0003641214976020684
Route C,2,-0.0003344237569911194,0.00019443799473747346
Route C,3,-0.000694791744351088,0.0006160217567914019
Route C,4,-0.0004948099935281744,0.000469805120605008
Route C,5,-0.0006105752789960093,0.0005634082841473915
Route C,6,-0.0005409895314432713,0.00041968933620205464
Route C,7,-0.0007326591176500009,0.0006928726841156503
Route C,8,-0.0005737328984173598,0.0006483164769370888
Route C,9,-0.0006137975370835761,0.00058571607272142
Route C,10,-0.0005782040506469699,0.0004332565062732697
Route C,11,-0.0005413948579522574,0.000395794272451616
Route C,12,-0.00042120721825513146,0.00041697910326849715
Route C,13,-0.00024569756145643057,-3.830478817656481e-05
Route C,14,-0.0005899871948060655,0.000457280274485696
Route C,15,-0.0002936720410127101,0.0001937230472451541
Route C,16,-0.00011722509639395115,1.7470448411613827e-05
Route C,17,-0.00030568493052845726,0.0001444044815439327
Route C,18,-0.0003865914835135561,0.0003678544740628304
Route C,19,-0.00048190081388586425,0.00041339513536998887
errHMM,0,-0.0004836984076942651,0.00032990961497524876
errHMM,1,-0.0006903938944515626,0.0005050190598559485
errHMM,2,-0.0007316379535511722,0.0006348530415983598
errHMM,3,-0.0006091310120550265,0.00039034884606883755
errHMM,4,-0.0008517780237816575,0.0007281211605600113
errHMM,5,-0.0005819410346229138,0.0006231180653567954
errHMM,6,-0.0007943446769257776,0.0006445874846048771
errHMM,7,-0.0006975347610930933,0.0004720286355074296
errHMM,8,-0.0007948762862144518,0.0006467109102804541
errHMM,9,-0.0007757432692484496,0.0005910810866009214
errHMM,10,-0.0007814258860004866,0.0006939452663525947
errHMM,11,-0.0008644907831873139,0.0007756377263827284
errHMM,12,-0.0006331706685227432,0.0005387060089841261
errHMM,13,-0.0008965726215906362,0.0007382253678106692
errHMM,14,-0.0006094305824658439,0.0005132724608236064
errHMM,15,-0.00038420263762146023,0.00029572225323702944
errHMM,16,-0.0005679765878806234,0.0004152067861430196
errHMM,17,-0.000757928516945479,0.0006120586667655059
errHMM,18,-0.00057179814510031,0.0003917224382085252
errHMM,19,-0.0009230437550610782,0.0008589196732652355
NanoSim,0,0.0006323290070798877,-0.0007631242511414866
NanoSim,1,0.0009732763708652676,-0.0012895660513635708
NanoSim,2,0.0008733653997665673,-0.001042990227981819
NanoSim,3,0.000853390922502149,-0.0010708583764831262
NanoSim,4,0.0002592362106647261,-0.00046106826174724765
NanoSim,5,0.0008356787995574495,-0.0010464695683109818
NanoSim,6,-0.00011322241586144464,-5.3611152562441235e-05
NanoSim,7,0.000991601393505463,-0.0012495936758039942
NanoSim,8,0.001204440928925051,-0.0014885759430807968
NanoSim,9,0.00021158103439850067,-0.00043326777804010363
NanoSim,10,0.0012338447541089606,-0.0015852470636096496
NanoSim,11,0.0006719551160379708,-0.0010224353906260466
NanoSim,12,0.00029613358187012843,-0.00040968877692337894
NanoSim,13,0.00043192448820091826,-0.0006882499527083965
NanoSim,14,0.00020661593837553353,-0.0004270847400339413
NanoSim,15,0.0005016462705887537,-0.0007402149309708956
NanoSim,16,-1.7208674652739983e-05,-0.00012720993865756192
NanoSim,17,0.00020450359427289695,-0.00027970778243560076
NanoSim,18,0.0008284357729983662,-0.0009315370299727045
NanoSim,19,0.0005490601169330862,-0.0007305933145527487
PBSim3,0,-0.00036842381961715577,0.0002810351575832496
PBSim3,1,-0.0007492100174385915,0.0005741887792439139
PBSim3,2,-0.000712259870651864,0.0006370925918493478
PBSim3,3,7.054033094212758e-05,0.00010032339606015423
PBSim3,4,-0.00034777545299539254,0.0004357214497520168
PBSim3,5,-0.0007832007890277942,0.0007234625463686046
PBSim3,6,-0.00038954520774728296,0.00041969067266359514
PBSim3,7,-0.00046552544597568634,0.0004990276082386259
PBSim3,8,-0.0005775549098948777,0.0006364902518948903
PBSim3,9,2.8277539187635225e-05,-0.00012802816832432727
PBSim3,10,-0.0003375236700904038,0.00021249386326672396
PBSim3,11,-0.0006702172714569141,0.0006652162966986599
PBSim3,12,-0.0007650923609325354,0.0006659559085982993
PBSim3,13,-0.0006773096148897097,0.0006218023598604488
PBSim3,14,-0.00046168787719423263,0.0005821961952660823
PBSim3,15,-0.0005217818732566851,0.0004149485872647818
PBSim3,16,-0.0005218371236471812,0.00042725804592196916
PBSim3,17,-0.0007992836943117648,0.0006723474176274873
PBSim3,18,-0.0007186795375889282,0.0005723761891827239
PBSim3,19,-0.0007062283655243298,0.0006070260307274511
badread,0,-4.360894720215489e-05,0.0002299052776818725
badread,1,0.01359683394710071,0.00940613093291834
badread,2,7.95915098959353e-05,0.0003253995647920258
badread,3,0.0001586268603701979,0.00034088876516019065
badread,4,0.000153831974065053,-0.00027767917742517744
badread,5,-0.0003561090484693189,0.00015475680421722372
badread,6,-7.358160476309254e-05,-1.861283649496513e-05
badread,7,-3.374753726574391e-05,-0.00017145484995046282
badread,8,5.707323389786815e-05,-0.00016430743437071673
badread,9,0.00015441250747204216,-0.00039969402239521277
badread,10,3.8487349059969744e-05,-0.0003097918644277
badread,11,-3.29357460569032e-05,-0.0002515816457642104
badread,12,-0.0008024980660093989,0.0007375691208111618
badread,13,7.2556800177538e-05,-0.00022873055919839545
badread,14,-0.00020222244239751687,-3.4947694159577905e-05
badread,15,2.6974640652775794e-05,-0.00017413738399353238
badread,16,-0.0014554081832431759,0.0015286353083796482
badread,17,-4.6777812501713414e-05,-9.782003814848696e-05
badread,18,-0.0002251822751427747,9.340953752639412e-05
badread,19,-1.1777146711678207e-05,-0.00017613317387745584
