species,route,n,seeds_or_replicates,mean,sd,raw_values,source_files,formula
E. coli,A: Sample,2,legacy r1/r2; seed not persisted (generator default seed=42),80.90533333333332,0.7608468965567305,80.367333;81.443333,results\tables\level1_Ecoli_route_A_sample_r1.json;results\tables\level1_Ecoli_route_A_sample_r2.json,normalized locked weights 0.15 read_length + 0.20 qv + 0.25 gc + 0.15 kmer; error-rate disabled
E. coli,B: qsHMM (1-bin),2,legacy r1/r2; seed not persisted (generator default seed=42),87.09866666666667,2.6021529547664897,85.258667;88.938667,results\tables\level1_Ecoli_route_B_qshmm_r1.json;results\tables\level1_Ecoli_route_B_qshmm_r2.json,normalized locked weights 0.15 read_length + 0.20 qv + 0.25 gc + 0.15 kmer; error-rate disabled
E. coli,C: errHMM (GC-aware),2,legacy r1/r2; seed not persisted (generator default seed=42),87.02833333333334,0.15132085117392022,86.921333;87.135333,results\tables\level1_Ecoli_route_C_errhmm_r1.json;results\tables\level1_Ecoli_route_C_errhmm_r2.json,normalized locked weights 0.15 read_length + 0.20 qv + 0.25 gc + 0.15 kmer; error-rate disabled
S. cerevisiae,A: Sample,2,legacy r1/r2; seed not persisted (generator default seed=42),80.48766666666666,5.596043066310338,84.444667;76.530667,results\tables\level1_Scerevisiae_route_A_sample_r1.json;results\tables\level1_Scerevisiae_route_A_sample_r2.json,normalized locked weights 0.15 read_length + 0.20 qv + 0.25 gc + 0.15 kmer; error-rate disabled
S. cerevisiae,B: qsHMM (1-bin),2,legacy r1/r2; seed not persisted (generator default seed=42),82.81466666666665,5.2259905174893735,86.510000;79.119333,results\tables\level1_Scerevisiae_route_B_qshmm_r1.json;results\tables\level1_Scerevisiae_route_B_qshmm_r2.json,normalized locked weights 0.15 read_length + 0.20 qv + 0.25 gc + 0.15 kmer; error-rate disabled
S. cerevisiae,C: errHMM (GC-aware),2,legacy r1/r2; seed not persisted (generator default seed=42),85.46533333333333,5.870871901931519,81.314000;89.616667,results\tables\level1_Scerevisiae_route_C_errhmm_r1.json;results\tables\level1_Scerevisiae_route_C_errhmm_r2.json,normalized locked weights 0.15 read_length + 0.20 qv + 0.25 gc + 0.15 kmer; error-rate disabled
A. thaliana,A: Sample,2,legacy r1/r2; seed not persisted (generator default seed=42),96.31633333333335,1.582504976295503,97.435333;95.197333,results\tables\level1_Athaliana_route_A_sample_r1.json;results\tables\level1_Athaliana_route_A_sample_r2.json,normalized locked weights 0.15 read_length + 0.20 qv + 0.25 gc + 0.15 kmer; error-rate disabled
A. thaliana,B: qsHMM (1-bin),2,legacy r1/r2; seed not persisted (generator default seed=42),94.84033333333332,2.155732873577395,93.316000;96.364667,results\tables\level1_Athaliana_route_B_qshmm_r1.json;results\tables\level1_Athaliana_route_B_qshmm_r2.json,normalized locked weights 0.15 read_length + 0.20 qv + 0.25 gc + 0.15 kmer; error-rate disabled
A. thaliana,C: errHMM (GC-aware),2,legacy r1/r2; seed not persisted (generator default seed=42),94.43366666666665,0.904625275397985,95.073333;93.794000,results\tables\level1_Athaliana_route_C_errhmm_r1.json;results\tables\level1_Athaliana_route_C_errhmm_r2.json,normalized locked weights 0.15 read_length + 0.20 qv + 0.25 gc + 0.15 kmer; error-rate disabled
D. melanogaster,A: Sample,2,legacy r1/r2; seed not persisted (generator default seed=42),79.91266666666667,8.428712831743638,85.872667;73.952667,results\tables\level1_Dmelanogaster_route_A_sample_r1.json;results\tables\level1_Dmelanogaster_route_A_sample_r2.json,normalized locked weights 0.15 read_length + 0.20 qv + 0.25 gc + 0.15 kmer; error-rate disabled
D. melanogaster,B: qsHMM (1-bin),2,legacy r1/r2; seed not persisted (generator default seed=42),84.607,0.7254915574973951,85.120000;84.094000,results\tables\level1_Dmelanogaster_route_B_qshmm_r1.json;results\tables\level1_Dmelanogaster_route_B_qshmm_r2.json,normalized locked weights 0.15 read_length + 0.20 qv + 0.25 gc + 0.15 kmer; error-rate disabled
D. melanogaster,C: errHMM (GC-aware),2,legacy r1/r2; seed not persisted (generator default seed=42),87.62266666666667,6.936246118919236,82.718000;92.527333,results\tables\level1_Dmelanogaster_route_C_errhmm_r1.json;results\tables\level1_Dmelanogaster_route_C_errhmm_r2.json,normalized locked weights 0.15 read_length + 0.20 qv + 0.25 gc + 0.15 kmer; error-rate disabled
M. musculus chr19,A: Sample,2,legacy r1/r2; seed not persisted (generator default seed=42),92.02433333333335,0.8527707781109785,91.421333;92.627333,results\tables\level1_Mmusculus_chr19_route_A_sample_r1.json;results\tables\level1_Mmusculus_chr19_route_A_sample_r2.json,normalized locked weights 0.15 read_length + 0.20 qv + 0.25 gc + 0.15 kmer; error-rate disabled
M. musculus chr19,B: qsHMM (1-bin),2,legacy r1/r2; seed not persisted (generator default seed=42),91.41,0.44500586762673516,91.724667;91.095333,results\tables\level1_Mmusculus_chr19_route_B_qshmm_r1.json;results\tables\level1_Mmusculus_chr19_route_B_qshmm_r2.json,normalized locked weights 0.15 read_length + 0.20 qv + 0.25 gc + 0.15 kmer; error-rate disabled
M. musculus chr19,C: errHMM (GC-aware),2,legacy r1/r2; seed not persisted (generator default seed=42),91.57633333333334,0.07212489168103058,91.525333;91.627333,results\tables\level1_Mmusculus_chr19_route_C_errhmm_r1.json;results\tables\level1_Mmusculus_chr19_route_C_errhmm_r2.json,normalized locked weights 0.15 read_length + 0.20 qv + 0.25 gc + 0.15 kmer; error-rate disabled
H. sapiens chr21,A: Sample,2,legacy r1/r2; seed not persisted (generator default seed=42),82.44800000000001,1.5735482904004676,83.560667;81.335333,results\tables\level1_Hsapiens_chr21_route_A_sample_r1.json;results\tables\level1_Hsapiens_chr21_route_A_sample_r2.json,normalized locked weights 0.15 read_length + 0.20 qv + 0.25 gc + 0.15 kmer; error-rate disabled
H. sapiens chr21,B: qsHMM (1-bin),2,legacy r1/r2; seed not persisted (generator default seed=42),81.09533333333333,3.408254685319154,78.685333;83.505333,results\tables\level1_Hsapiens_chr21_route_B_qshmm_r1.json;results\tables\level1_Hsapiens_chr21_route_B_qshmm_r2.json,normalized locked weights 0.15 read_length + 0.20 qv + 0.25 gc + 0.15 kmer; error-rate disabled
H. sapiens chr21,C: errHMM (GC-aware),2,legacy r1/r2; seed not persisted (generator default seed=42),82.36466666666666,1.6282312148122338,81.213333;83.516000,results\tables\level1_Hsapiens_chr21_route_C_errhmm_r1.json;results\tables\level1_Hsapiens_chr21_route_C_errhmm_r2.json,normalized locked weights 0.15 read_length + 0.20 qv + 0.25 gc + 0.15 kmer; error-rate disabled
